Email,Nombre,País
info@moma.org,Museum of Modern Art (MoMA),USA
info@metmuseum.org,Metropolitan Museum of Art,USA
info@artic.edu,Art Institute of Chicago,USA
info@lacma.org,Los Angeles County Museum of Art (LACMA),USA
info@sfmoma.org,San Francisco Museum of Modern Art (SFMOMA),USA
info@nga.gov,National Gallery of Art,USA
info@whitney.org,Whitney Museum of American Art,USA
info@brooklynmuseum.org,Brooklyn Museum,USA
info@philamuseum.org,Philadelphia Museum of Art,USA
info@mfah.org,Museum of Fine Arts Houston,USA
info@dma.org,Dallas Museum of Art,USA
info@denverartmuseum.org,Denver Art Museum,USA
info@clevelandart.org,Cleveland Museum of Art,USA
info@detroitartmuseum.org,Detroit Institute of Arts,USA
info@high.org,High Museum of Art,USA
info@seattleartmuseum.org,Seattle Art Museum,USA
info@mia.org,Minneapolis Institute of Art,USA
info@newarkmuseum.org,Newark Museum of Art,USA
info@pafa.org,Pennsylvania Academy of the Fine Arts,USA
info@famsf.org,Fine Arts Museums of San Francisco,USA
info@rom.on.ca,Royal Ontario Museum,Canada
info@ago.ca,Art Gallery of Ontario,Canada
info@mbam.qc.ca,Montreal Museum of Fine Arts,Canada
info@gallery.ca,National Gallery of Canada,Canada
info@vancouverartgallery.bc.ca,Vancouver Art Gallery,Canada
info@winnipegartgallery.org,Winnipeg Art Gallery,Canada
info@museumofanthropology.ubc.ca,Museum of Anthropology UBC,Canada
info@canadianmuseumofhistory.ca,Canadian Museum of History,Canada
info@ingeniumcanada.org,Canada Science and Technology Museum,Canada
info@cmc-cdm.ca,Canadian Museum for Human Rights,Canada
info@britishmuseum.org,British Museum,UK
info@tate.org.uk,Tate Modern,UK
info@tate.org.uk,Tate Britain,UK
info@vam.ac.uk,Victoria and Albert Museum,UK
info@nationalgallery.org.uk,National Gallery London,UK
info@sciencemuseum.org.uk,Science Museum London,UK
info@nhm.ac.uk,Natural History Museum London,UK
info@designmuseum.org,Design Museum London,UK
info@ashmolean.org,Ashmolean Museum,UK
info@fitzmuseum.cam.ac.uk,Fitzwilliam Museum,UK
info@nationalmuseumscotland.org.uk,National Museum of Scotland,UK
info@glasgowlife.org.uk,Glasgow Museums,UK
info@liverpoolmuseums.org.uk,National Museums Liverpool,UK
info@horniman.ac.uk,Horniman Museum,UK
info@oxfordmuseums.org,Oxford University Museums,UK

